{
    "seoul": {
        "강남구": "Gangnam-gu",
        "강동구": "Gangdong-gu",
        "강북구": "Gangbuk-gu",
        "강서구": "Gangseo-gu",
        "관악구": "Gwanak-gu",
        "광진구": "Gwangjin-gu",
        "구로구": "Guro-gu",
        "금천구": "Geumcheon-gu",
        "노원구": "Nowon-gu",
        "도봉구": "Dobong-gu",
        "동대문구": "Dongdaemun-gu",
        "동작구": "Dongjak-gu",
        "마포구": "Mapo-gu",
        "서대문구": "Seodaemun-gu",
        "서초구": "Seocho-gu",
        "성동구": "Seongdong-gu",
        "성북구": "Seongbuk-gu",
        "송파구": "Songpa-gu",
        "양천구": "Yangcheon-gu",
        "영등포구": "Yeongdeungpo-gu",
        "용산구": "Yongsan-gu",
        "은평구": "Eunpyeong-gu",
        "종로구": "Jongno-gu",
        "중구": "Jung-gu",
        "중랑구": "Jungnang-gu"
    },
    "Busan": {
        "기장군": "Gijang-gun",
        "강서구": "Gangseo-gu",
        "금정구": "Geumjeong-gu",
        "남구": "Nam-gu",
        "동구": "Dong-gu",
        "동래구": "Dongnae-gu",
        "부산진구": "Busanjin-gu",
        "북구": "Buk-gu",
        "사상구": "Sasang-gu",
        "사하구": "Saha-gu",
        "서구": "Seo-gu",
        "수영구": "Suyeong-gu",
        "연제구": "Yeonje-gu",
        "영도구": "Yeongdo-gu",
        "중구": "Jung-gu",
        "해운대구": "Haeundae-gu"
    },
    "Daegu": {
        "대구달성군": " Dalseong-gun",
        "대구남구": " Nam-gu",
        "대구달서구": " Dalseo-gu",
        "대구동구": " Dong-gu",
        "대구북구": " Buk-gu",
        "대구서구": " Seo-gu",
        "대구수성구": " Suseong-gu",
        "대구중구": " Jung-gu"
    },
    "Incheon": {
        "인천강화군": "Ganghwa-gun",
        "인천옹진군": "Ongjin-gun or Ongjin",
        "인천계양구": "Gyeyang-gu",
        "인천남구": "Nam-gu",
        "인천남동구": "Namdong-gu",
        "인천동구": "Dong-gu",
        "인천부평구": "Bupyeong-gu",
        "인천서구": "Seo-gu",
        "인천연수구": "Yeonsu-gu",
        "인천중구": "Jung-gu"
    },
    "Gwangju": {
        "광주광산구": "Gwangsan-gu",
        "광주남구": "Nam-gu",
        "광주동구": "Dong-gu",
        "광주북구": "Buk-gu",
        "광주서구": "Seo-gu"
    },
    "Daejeon": {
        "대전대덕구": "Daedeok-gu",
        "대전동구": "Dong-gu",
        "대전서구": "Seo-gu",
        "대전유성구": "Yuseong-gu",
        "대전중구": "Jung-gu"
    },
    "Ulsan": {
        "울산울주군": "Ulju-gun",
        "울산남구": "Nam-gu",
        "울산동구": "Dong-gu",
        "울산북구": "Buk-gu",
        "울산중구": "Jung-gu"
    },
    "Sejong Special Self-Governing City": {
        "세종특별자치시": "Sejong Special Self-Governing City"
    },
    "Gyeonggi-do": {
        "경기도고양시": "Goyang-si or Goyang",
        "경기도과천시": "Gwacheon-si or Gwacheon",
        "경기도광명시": "Gwangmyeong-si or Gwangmyeong",
        "경기도광주시": "Gwangju-si or Gwangju",
        "경기도구리시": "Guri-si or Guri",
        "경기도군포시": "Gunpo-si or Gunpo",
        "경기도김포시": "Gimpo-si or Gimpo",
        "경기도남양주시": "Namyangju-si or Namyangju",
        "경기도동두천시": "Dongducheon-si or Dongducheon",
        "경기도부천시": "Bucheon-si or Bucheon",
        "경기도성남시": "Seongnam-si or Seongnam",
        "경기도수원시": "Suwon-si or Suwon",
        "경기도시흥시": "Siheung-si or Siheung",
        "경기도안산시": "Ansan-si or Ansan",
        "경기도안성시": "Anseong-si or Anseong",
        "경기도안양시": "Anyang-si or Anyang",
        "경기도양주시": "Yangju-si or Yangju",
        "경기도여주시": "Yeoju-si or Yeoju",
        "경기도오산시": "Osan-si or Osan",
        "경기도용인시": "Yongin-si or Yongin",
        "경기도의왕시": "Uiwang-si or Uiwang",
        "경기도의정부시": "Uijeongbu-si or Uijeongbu",
        "경기도이천시": "Icheon-si or Icheon",
        "경기도파주시": "Paju-si or Paju",
        "경기도평택시": "Pyeongtaek-si or Pyeongtaek",
        "경기도포천시": "Pocheon-si or Pocheon",
        "경기도하남시": "Hanam-si or Hanam",
        "경기도화성시": "Hwaseong-si or Hwaseong",
        "경기도가평군": "Gapyeong-gun or Gapyeong",
        "경기도양평군": "Yangpyeong-gun or Yangpyeong",
        "경기도연천군": "Yeoncheon-gun or Yeoncheon"
    },
    "Gangwon-do": {
        "강원도강릉시": "Gangneung-si or Gangneung",
        "강원도동해시": "Donghae-si or Donghae",
        "강원도삼척시": "Samcheok-si or Samcheok",
        "강원도속초시": "Sokcho-si or Sokcho",
        "강원도원주시": "Wonju-si or Wonju",
        "강원도춘천시": "Chuncheon-si or Chuncheon",
        "강원도태백시": "Taebaek-si or Taebaek",
        "강원도고성군": "Goseong-gun or Goseong",
        "강원도양구군": "Yanggu-gun or Yanggu",
        "강원도양양군": "Yangyang-gun or Yangyang",
        "강원도영월군": "Yeongwol-gun or Yeongwol",
        "강원도인제군": "Inje-gun or Inje",
        "강원도정선군": "Jeongseon-gun or Jeongseon",
        "강원도철원군": "Cheorwon-gun or Cheorwon",
        "강원도평창군": "Pyeongchang-gun or Pyeongchang",
        "강원도홍천군": "Hongcheon-gun or Hongcheon",
        "강원도화천군": "Hwacheon-gun or Hwacheon",
        "강원도횡성군": "Hoengseong-gun or Hoengseong"
    },
    "Chungcheongbuk-do": {
        "충청북도제천시": "Jecheon-si or Jecheon",
        "충청북도청주시": "Cheongju-si or Cheongju",
        "충청북도충주시": "Chungju-si or Chungju",
        "충청북도괴산군": "Goesan-gun or Goesan",
        "충청북도단양군": "Danyang-gun or Danyang",
        "충청북도보은군": "Boeun-gun or Boeun",
        "충청북도영동군": "Yeongdong-gun or Yeongdong",
        "충청북도옥천군": "Okcheon-gun or Okcheon",
        "충청북도음성군": "Eumseong-gun or Eumseong",
        "충청북도증평군": "Jeungpyeong-gun or Jeungpyeong",
        "충청북도진천군": "Jincheon-gun or Jincheon"
    },
    "Chungcheongnam-do": {
        "충청남도계룡시": "Gyeryong-si or Gyeryong",
        "충청남도공주시": "Gongju-si or Gongju",
        "충청남도논산시": "Nonsan-si or Nonsan",
        "충청남도당진시": "Dangjin-si or Dangjin",
        "충청남도보령시": "Boryeong-si or Boryeong",
        "충청남도서산시": "Seosan-si or Seosan",
        "충청남도아산시": "Asan-si or Asan",
        "충청남도천안시": "Cheonan-si or Cheonan",
        "충청남도금산군": "Geumsan-gun or Geumsan",
        "충청남도부여군": "Buyeo-gun or Buyeo",
        "충청남도서천군": "Seocheon-gun or Seocheon",
        "충청남도예산군": "Yesan-gun or Yesan",
        "충청남도청양군": "Cheongyang-gun or Cheongyang",
        "충청남도태안군": "Taean-gun or Taean",
        "충청남도홍성군": "Hongseong-gun or Hongseong"
    },
    "Jeollabuk-do": {
        "전락북도군산시": "Gunsan-si or Gunsan",
        "전락북도김제시": "Gimje-si or Gimje",
        "전락북도남원시": "Namwon-si or Namwon",
        "전락북도익산시": "Iksan-si or Iksan",
        "전락북도전주시": "Jeonju-si or Jeonju",
        "전락북도정읍시": "Jeongeup-si or Jeongeup",
        "전락북도고창군": "Gochang-gun or Gochang",
        "전락북도무주군": "Muju-gun or Muju",
        "전락북도부안군": "Buan-gun or Buan",
        "전락북도순창군": "Sunchang-gun or Sunchang",
        "전락북도완주군": "Wanju-gun or Wanju",
        "전락북도임실군": "Imsil-gun or Imsil",
        "전락북도장수군": "Jangsu-gun or Jangsu",
        "전락북도진안군": "Jinan-gun or Jinan"
    },
    "Jeollanam-do": {
        "전라남도광양시": "Gwangyang-si or Gwangyang",
        "전라남도나주시": "Naju-si or Naju",
        "전라남도목포시": "Mokpo-si or Mokpo",
        "전라남도순천시": "Suncheon-si or Suncheon",
        "전라남도여수시": "Yeosu-si or Yeosu",
        "전라남도강진군": "Gangjin-gun or Gangjin",
        "전라남도고흥군": "Goheung-gun or Goheung",
        "전라남도곡성군": "Gokseong-gun or Gokseong",
        "전라남도구례군": "Gurye-gun or Gurye",
        "전라남도담양군": "Damyang-gun or Damyang",
        "전라남도무안군": "Muan-gun or Muan",
        "전라남도보성군": "Boseong-gun or Boseong",
        "전라남도신안군": "Sinan-gun or Sinan",
        "전라남도영광군": "Yeonggwang-gun or Yeonggwang",
        "전라남도영암군": "Yeongam-gun or Yeongam",
        "전라남도완도군": "Wando-gun or Wando",
        "전라남도장성군": "Jangseong-gun or Jangseong",
        "전라남도장흥군": "Jangheung-gun or Jangheung",
        "전라남도진도군": "Jindo-gun or Jindo",
        "전라남도함평군": "Hampyeong-gun or Hampyeong",
        "전라남도해남군": "Haenam-gun or Haenam",
        "전라남도화순군": "Hwasun-gun or Hwasun"
    },
    "Gyeongsangbuk-do": {
        "경산북도경산시": "Gyeongsan-si or Gyeongsan",
        "경산북도경주시": "Gyeongju-si or Gyeongju",
        "경산북도구미시": "Gumi-si or Gumi",
        "경산북도김천시": "Gimcheon-si or Gimcheon",
        "경산북도문경시": "Mungyeong-si or Mungyeong",
        "경산북도상주시": "Sangju-si or Sangju",
        "경산북도안동시": "Andong-si or Andong",
        "경산북도영주시": "Yeongju-si or Yeongju",
        "경산북도영천시": "Yeongcheon-si or Yeongcheon",
        "경산북도포항시": "Pohang-si or Pohang",
        "경산북도고령군": "Goryeong-gun or Goryeong",
        "경산북도군위군": "Gunwi-gun or Gunwi",
        "경산북도봉화군": "Bonghwa-gun or Bonghwa",
        "경산북도성주군": "Seongju-gun or Seongju",
        "경산북도영덕군": "Yeongdeok-gun or Yeongdeok",
        "경산북도영양군": "Yeongyang-gun or Yeongyang",
        "경산북도예천군": "Yecheon-gun or Yecheon",
        "경산북도울릉군": "Ulleung-gun or Ulleung",
        "경산북도울진군": "Uljin-gun or Uljin",
        "경산북도의성군": "Uiseong-gun or Uiseong",
        "경산북도청도군": "Cheongdo-gun or Cheongdo",
        "경산북도청송군": "Cheongsong-gun or Cheongsong",
        "경산북도칠곡군": "Chilgok-gun or Chilgok"
    },
    "Gyeongsangnam-do": {
        "경상남도거제시": "Geoje-si or Geoje",
        "경상남도김해시": "Gimhae-si or Gimhae",
        "경상남도밀양시": "Miryang-si or Miryang",
        "경상남도사천시": "Sacheon-si or Sacheon",
        "경상남도양산시": "Yangsan-si or Yangsan",
        "경상남도진주시": "Jinju-si or Jinju",
        "경상남도창원시": "Changwon-si or Changwon",
        "경상남도통영시": "Tongyeong-si or Tongyeong",
        "경상남도거창군": "Geochang-gun or Geochang",
        "경상남도고성군": "Goseong-gun or Goseong",
        "경상남도남해군": "Namhae-gun or Namhae",
        "경상남도산청군": "Sancheong-gun or Sancheong",
        "경상남도의령군": "Uiryeong-gun or Uiryeong",
        "경상남도창녕군": "Changnyeong-gun or Changnyeong",
        "경상남도하동군": "Hadong-gun or Hadong",
        "경상남도함안군": "Haman-gun or Haman",
        "경상남도함양군": "Hamyang-gun or Hamyang",
        "경상남도합천군": "Hapcheon-gun or Hapcheon"
    },
    "Jeju Special Self-Governing Province": {
        "제주특별자치도": "Jeju Special Self-Governing Province",
        "제주도제주시": "Jeju-si or Jeju"
    }
}